FULL_DONG_NAME,MEDICAL_ECONOMY,BUILDING_SILVER,TRANS,POP_ACADEMY,INFRA,SCHOOL_SECURITY,Cluster
서울특별시 강남구 개포1동,3.2491519619955773,1.6085940834918888,0.966641751315761,0.42903295174108086,-0.7745718896163443,-0.6174012884131987,2
서울특별시 강남구 개포2동,3.1521632505454837,1.3102669807139256,0.8732552733645969,0.41041315775913,-0.5644447369242017,-0.792949492323208,2
서울특별시 강남구 개포4동,3.2491519619955773,1.6085940834918888,0.966641751315761,0.42903295174108086,-0.7745718896163443,-0.6174012884131987,2
서울특별시 강남구 논현1동,-1.598990253999434,1.2715980349926201,3.506856126171563,1.589780582810008,0.5978687839993788,0.5371316226465984,0
서울특별시 강남구 논현2동,-1.598990253999434,1.2715980349926201,3.506856126171563,1.589780582810008,0.5978687839993788,0.5371316226465984,0
서울특별시 강남구 대치1동,-4.249346038478834,6.649483316303893,1.131950381941369,1.0152859187184464,-0.05143332871202017,-1.0652941160909755,0
서울특별시 강남구 대치2동,-4.249346038478834,6.649483316303893,1.131950381941369,1.0152859187184464,-0.05143332871202017,-1.0652941160909755,0
서울특별시 강남구 대치4동,-4.249346038478834,6.649483316303893,1.131950381941369,1.0152859187184464,-0.05143332871202017,-1.0652941160909755,0
서울특별시 강남구 도곡1동,0.11071030771099079,2.361619344765961,1.7548701296438425,1.2346836143072808,0.17301726386958852,-1.1630543123924963,0
서울특별시 강남구 도곡2동,0.11071030771099079,2.361619344765961,1.7548701296438425,1.2346836143072808,0.17301726386958852,-1.1630543123924963,0
서울특별시 강남구 삼성1동,0.2540661223815916,1.5181036126312861,2.05477736809372,1.0087803617854831,-0.5586628342917801,-1.1253207763299073,0
서울특별시 강남구 삼성2동,0.2540661223815916,1.5181036126312861,2.05477736809372,1.0087803617854831,-0.5586628342917801,-1.1253207763299073,0
서울특별시 강남구 세곡동,4.769793717688364,0.9446433225992494,0.20100649059835396,0.9341935015431213,-0.7458083169653523,0.5545706926470849,2
서울특별시 강남구 수서동,4.0461760609693584,0.49047105425373455,-0.03820167048141311,0.8658323969388287,-0.13534084644340205,-0.3499880633832256,2
서울특별시 강남구 신사동,-2.6969059651022436,3.025813941312512,3.8899695927555458,1.4429984064675643,0.21258062316526743,-1.073284110703049,0
서울특별시 강남구 압구정동,-2.6969059651022436,3.025813941312512,3.8899695927555458,1.4429984064675643,0.21258062316526743,-1.073284110703049,0
서울특별시 강남구 역삼1동,-2.5566569388376745,2.7552339991030124,3.5957650528493468,2.1959317266990865,0.2627316895920528,-0.034285265324834224,0
서울특별시 강남구 역삼2동,-2.5566569388376745,2.7552339991030124,3.5957650528493468,2.1959317266990865,0.2627316895920528,-0.034285265324834224,0
서울특별시 강남구 일원1동,3.0346040472209594,0.7484979192869692,0.6606829361305645,0.40375758344527285,-0.17707888093419097,-1.0716284563392064,2
서울특별시 강남구 일원2동,0.9010959485307882,2.9341162311974918,0.9519338343672648,0.5943768928440802,-0.4084193694630759,-0.8757793657318965,0
서울특별시 강남구 일원본동,3.0346040472209594,0.7484979192869692,0.6606829361305645,0.40375758344527285,-0.17707888093419097,-1.0716284563392064,2
서울특별시 강남구 청담동,0.32417128179011867,2.2798500996974664,2.7188846835371745,0.6221161165187385,0.4900102527896081,-1.1381454567380678,0
서울특별시 강동구 강일동,3.215269984970741,1.5463481296382409,-0.7694899567761013,0.6494910629175562,0.3573746267145461,-1.8706738695753318,2
서울특별시 강동구 고덕1동,3.063689910578356,1.267989728887097,-0.7693838068393317,0.006350675076014562,0.05533406338236841,-0.8802399907848135,2
서울특별시 강동구 고덕2동,3.063689910578356,1.267989728887097,-0.7693838068393317,0.006350675076014562,0.05533406338236841,-0.8802399907848135,2
서울특별시 강동구 길동,-1.0167239512319264,0.8184510051300113,0.9478424328137405,-0.3932006382476436,2.8685197953456325,-0.3796564802885641,0
서울특별시 강동구 둔촌1동,-0.17119689369795157,0.7146996856007772,0.5472643143905876,-0.0017559342439201948,1.867225082264509,-1.5738245198362542,0
서울특별시 강동구 둔촌2동,-0.17119689369795157,0.7146996856007772,0.5472643143905876,-0.0017559342439201948,1.867225082264509,-1.5738245198362542,0
서울특별시 강동구 명일1동,-0.029023525105142948,1.950089750135509,-0.4721414196977788,-0.26246451115783503,1.7817199872030145,-1.2891109837609245,0
서울특별시 강동구 명일2동,-0.029023525105142948,1.950089750135509,-0.4721414196977788,-0.26246451115783503,1.7817199872030145,-1.2891109837609245,0
서울특별시 강동구 상일동,3.1614786912808555,1.5899026282609179,-0.7774099515739481,0.790390324788654,0.35935829850409845,-1.9812800217142463,2
서울특별시 강동구 성내1동,-1.4132081457428,1.0628820848728802,0.8314360158148476,-0.09609849452527773,1.1574802922060592,-0.3518875753368393,0
서울특별시 강동구 성내2동,-1.4132081457428,1.0628820848728802,0.8314360158148476,-0.09609849452527773,1.1574802922060592,-0.3518875753368393,0
서울특별시 강동구 성내3동,-1.4132081457428,1.0628820848728802,0.8314360158148476,-0.09609849452527773,1.1574802922060592,-0.3518875753368393,0
서울특별시 강동구 암사1동,-0.1773502994945821,1.148045659479149,-0.16463439036221192,-1.1397433508290167,0.9616071779109034,0.24202962143720255,1
서울특별시 강동구 암사2동,-0.1773502994945821,1.148045659479149,-0.16463439036221192,-1.1397433508290167,0.9616071779109034,0.24202962143720255,1
서울특별시 강동구 암사3동,-0.1773502994945821,1.148045659479149,-0.16463439036221192,-1.1397433508290167,0.9616071779109034,0.24202962143720255,1
서울특별시 강동구 천호1동,-2.1255845878480497,0.5700577584055323,0.523369111833897,-0.3642585834336008,1.4303991356577515,0.8374651473942701,1
서울특별시 강동구 천호2동,-2.1255845878480497,0.5700577584055323,0.523369111833897,-0.3642585834336008,1.4303991356577515,0.8374651473942701,1
서울특별시 강동구 천호3동,-2.1255845878480497,0.5700577584055323,0.523369111833897,-0.3642585834336008,1.4303991356577515,0.8374651473942701,1
서울특별시 강북구 미아동,-1.1945931322097858,-0.08416857639352962,-0.8706304143944869,-0.8339359873368933,-0.8491722123744916,0.5410165767906504,1
서울특별시 강북구 번1동,-1.4093013863514008,-1.213571099813229,0.009915211639660282,0.08954825644028777,-0.01109928059039013,1.1942122911749578,1
서울특별시 강북구 번2동,-1.4093013863514008,-1.213571099813229,0.009915211639660282,0.08954825644028777,-0.01109928059039013,1.1942122911749578,1
서울특별시 강북구 번3동,-1.4093013863514008,-1.213571099813229,0.009915211639660282,0.08954825644028777,-0.01109928059039013,1.1942122911749578,1
서울특별시 강북구 삼각산동,-1.1945931322097858,-0.08416857639352962,-0.8706304143944869,-0.8339359873368933,-0.8491722123744916,0.5410165767906504,1
서울특별시 강북구 삼양동,-1.1945931322097858,-0.08416857639352962,-0.8706304143944869,-0.8339359873368933,-0.8491722123744916,0.5410165767906504,1
서울특별시 강북구 송중동,-1.1945931322097858,-0.08416857639352962,-0.8706304143944869,-0.8339359873368933,-0.8491722123744916,0.5410165767906504,1
서울특별시 강북구 송천동,-1.1945931322097858,-0.08416857639352962,-0.8706304143944869,-0.8339359873368933,-0.8491722123744916,0.5410165767906504,1
서울특별시 강북구 수유1동,-0.8405044501003429,-1.007171310776211,-0.3219639139220549,-0.3485871002204184,-0.32976378291341885,1.0834837906159431,1
서울특별시 강북구 수유2동,-0.8405044501003429,-1.007171310776211,-0.3219639139220549,-0.3485871002204184,-0.32976378291341885,1.0834837906159431,1
서울특별시 강북구 수유3동,-0.8405044501003429,-1.007171310776211,-0.3219639139220549,-0.3485871002204184,-0.32976378291341885,1.0834837906159431,1
서울특별시 강북구 우이동,-0.37494631635088477,-0.9530074245569015,-0.28509498598570093,-0.23938456243582235,-0.39686591890850065,1.1039264404890696,1
서울특별시 강북구 인수동,-0.8405044501003429,-1.007171310776211,-0.3219639139220549,-0.3485871002204184,-0.32976378291341885,1.0834837906159431,1
서울특별시 강서구 가양1동,2.407321487132397,0.5917665500019621,-0.13644378952068958,0.8021764532255983,0.7921759248287927,-1.0124617480391238,2
서울특별시 강서구 가양2동,2.59876430705056,-0.06937875874274667,-0.856165721496278,0.8751345593189144,0.13086084542336537,-0.9799839486051709,2
서울특별시 강서구 가양3동,2.59876430705056,-0.06937875874274667,-0.856165721496278,0.8751345593189144,0.13086084542336537,-0.9799839486051709,2
서울특별시 강서구 공항동,1.9273539220489029,0.6377870031540622,0.13127442359403596,0.3311333875530407,1.140314203529265,-1.0439829768333486,2
서울특별시 강서구 등촌1동,-0.058248580590331875,0.9210658255700833,0.5198953582893694,-0.845149365178066,0.11082926688057812,-1.6751133564575362,0
서울특별시 강서구 등촌2동,-0.058248580590331875,0.9210658255700833,0.5198953582893694,-0.845149365178066,0.11082926688057812,-1.6751133564575362,0
서울특별시 강서구 등촌3동,-0.058248580590331875,0.9210658255700833,0.5198953582893694,-0.845149365178066,0.11082926688057812,-1.6751133564575362,0
서울특별시 강서구 발산1동,1.3550970676565721,1.3350533025245217,0.083116349974223,-0.011570491334454504,1.2777872933325323,-1.5061766741313114,2
서울특별시 강서구 방화1동,1.9273539220489029,0.6377870031540622,0.13127442359403596,0.3311333875530407,1.140314203529265,-1.0439829768333486,2
서울특별시 강서구 방화2동,1.669134799566258,0.3125574405547283,0.018162436143410468,0.3673720855925464,0.40267765200100153,-0.60602849006571,2
서울특별시 강서구 방화3동,1.2418850820602318,0.5727223722149468,-0.18109731246210609,0.24903507928921823,0.4798787799101202,-0.9058821179434522,2
서울특별시 강서구 염창동,1.1683499525857088,1.0090762123160735,-0.12524839860792544,0.6762325956790752,0.7733366531591161,-1.1607281500706657,2
서울특별시 강서구 우장산동,-0.8849974951831088,0.37510195635366467,-0.22299424441583016,-0.9498411530368149,1.3045386854552956,0.4010780938766224,1
서울특별시 강서구 화곡1동,-0.9732883756834867,0.2697566689844824,-0.222234056911978,-0.990003103570364,1.3184811630013018,0.5692060499432463,1
서울특별시 강서구 화곡2동,-0.9732883756834867,0.2697566689844824,-0.222234056911978,-0.990003103570364,1.3184811630013018,0.5692060499432463,1
서울특별시 강서구 화곡3동,-0.9732883756834867,0.2697566689844824,-0.222234056911978,-0.990003103570364,1.3184811630013018,0.5692060499432463,1
서울특별시 강서구 화곡4동,-0.9732883756834867,0.2697566689844824,-0.222234056911978,-0.990003103570364,1.3184811630013018,0.5692060499432463,1
서울특별시 강서구 화곡6동,-0.9732883756834867,0.2697566689844824,-0.222234056911978,-0.990003103570364,1.3184811630013018,0.5692060499432463,1
서울특별시 강서구 화곡8동,-0.9732883756834867,0.2697566689844824,-0.222234056911978,-0.990003103570364,1.3184811630013018,0.5692060499432463,1
서울특별시 강서구 화곡본동,-0.9732883756834867,0.2697566689844824,-0.222234056911978,-0.990003103570364,1.3184811630013018,0.5692060499432463,1
서울특별시 관악구 낙성대동,-0.6493481185638165,1.1956100158121676,0.054351481950883594,-0.641979858475471,0.5365777391087858,0.22485788337889673,1
서울특별시 관악구 난곡동,0.3031997836981864,-0.8483510584198518,-0.13226120880619474,-1.3249221364344472,0.9291163868608148,0.17801672631803686,1
서울특별시 관악구 난향동,0.3031997836981864,-0.8483510584198518,-0.13226120880619474,-1.3249221364344472,0.9291163868608148,0.17801672631803686,1
서울특별시 관악구 남현동,1.3142905891311087,1.065752052893068,2.938113423860695,-1.6657311282706524,-0.645418080935138,0.05395956580109121,0
서울특별시 관악구 대학동,0.3031997836981864,-0.8483510584198518,-0.13226120880619474,-1.3249221364344472,0.9291163868608148,0.17801672631803686,1
서울특별시 관악구 미성동,0.3031997836981864,-0.8483510584198518,-0.13226120880619474,-1.3249221364344472,0.9291163868608148,0.17801672631803686,1
서울특별시 관악구 보라매동,-0.6493481185638165,1.1956100158121676,0.054351481950883594,-0.641979858475471,0.5365777391087858,0.22485788337889673,1
서울특별시 관악구 삼성동,0.3031997836981864,-0.8483510584198518,-0.13226120880619474,-1.3249221364344472,0.9291163868608148,0.17801672631803686,1
서울특별시 관악구 서림동,0.3031997836981864,-0.8483510584198518,-0.13226120880619474,-1.3249221364344472,0.9291163868608148,0.17801672631803686,1
서울특별시 관악구 서원동,0.3031997836981864,-0.8483510584198518,-0.13226120880619474,-1.3249221364344472,0.9291163868608148,0.17801672631803686,1
서울특별시 관악구 성현동,-0.6493481185638165,1.1956100158121676,0.054351481950883594,-0.641979858475471,0.5365777391087858,0.22485788337889673,1
서울특별시 관악구 신림동,0.3031997836981864,-0.8483510584198518,-0.13226120880619474,-1.3249221364344472,0.9291163868608148,0.17801672631803686,1
서울특별시 관악구 신사동,0.3031997836981864,-0.8483510584198518,-0.13226120880619474,-1.3249221364344472,0.9291163868608148,0.17801672631803686,1
서울특별시 관악구 신원동,0.3031997836981864,-0.8483510584198518,-0.13226120880619474,-1.3249221364344472,0.9291163868608148,0.17801672631803686,1
서울특별시 관악구 은천동,-0.6493481185638165,1.1956100158121676,0.054351481950883594,-0.641979858475471,0.5365777391087858,0.22485788337889673,1
서울특별시 관악구 인헌동,-0.6493481185638165,1.1956100158121676,0.054351481950883594,-0.641979858475471,0.5365777391087858,0.22485788337889673,1
서울특별시 관악구 조원동,0.3031997836981864,-0.8483510584198518,-0.13226120880619474,-1.3249221364344472,0.9291163868608148,0.17801672631803686,1
서울특별시 관악구 중앙동,-0.6493481185638165,1.1956100158121676,0.054351481950883594,-0.641979858475471,0.5365777391087858,0.22485788337889673,1
서울특별시 관악구 청룡동,-0.6493481185638165,1.1956100158121676,0.054351481950883594,-0.641979858475471,0.5365777391087858,0.22485788337889673,1
서울특별시 관악구 청림동,-0.6493481185638165,1.1956100158121676,0.054351481950883594,-0.641979858475471,0.5365777391087858,0.22485788337889673,1
서울특별시 관악구 행운동,-0.6493481185638165,1.1956100158121676,0.054351481950883594,-0.641979858475471,0.5365777391087858,0.22485788337889673,1
서울특별시 광진구 광장동,3.175877156552683,0.9275394325165427,0.020731968615405515,1.0714256986177564,0.46253584404260584,-0.40370525287850934,2
서울특별시 광진구 구의1동,-0.2534361847407998,1.3092373815678795,-0.2324982867936192,0.26137685795315485,-0.40558011555072904,-0.07009083388744622,0
서울특별시 광진구 구의2동,-0.2534361847407998,1.3092373815678795,-0.2324982867936192,0.26137685795315485,-0.40558011555072904,-0.07009083388744622,0
서울특별시 광진구 구의3동,-0.2534361847407998,1.3092373815678795,-0.2324982867936192,0.26137685795315485,-0.40558011555072904,-0.07009083388744622,0
서울특별시 광진구 군자동,0.7426875296472104,-0.2594621291151916,0.5100336173040994,1.191957230458166,0.6622363481269669,2.0952252967155287,2
서울특별시 광진구 능동,-0.2341380581553937,0.8377384975255724,1.8981980573920911,-0.5976129153718429,0.6619611064157205,1.0849638344738122,0
서울특별시 광진구 자양1동,-0.8376908182890718,1.4310024362771716,-0.10575263072140552,0.6848261318380813,-2.031788639817011,0.3902440290273894,0
서울특별시 광진구 자양2동,-0.8376908182890718,1.4310024362771716,-0.10575263072140552,0.6848261318380813,-2.031788639817011,0.3902440290273894,0
서울특별시 광진구 자양3동,-0.8376908182890718,1.4310024362771716,-0.10575263072140552,0.6848261318380813,-2.031788639817011,0.3902440290273894,0
서울특별시 광진구 자양4동,-0.8376908182890718,1.4310024362771716,-0.10575263072140552,0.6848261318380813,-2.031788639817011,0.3902440290273894,0
서울특별시 광진구 중곡1동,-0.6489230158805742,-0.11126547117862878,-0.352004009449709,0.0030508705604411933,0.2775225563360776,0.5289643699534896,1
서울특별시 광진구 중곡2동,-0.6489230158805742,-0.11126547117862878,-0.352004009449709,0.0030508705604411933,0.2775225563360776,0.5289643699534896,1
서울특별시 광진구 중곡3동,-0.6489230158805742,-0.11126547117862878,-0.352004009449709,0.0030508705604411933,0.2775225563360776,0.5289643699534896,1
서울특별시 광진구 중곡4동,-0.6489230158805742,-0.11126547117862878,-0.352004009449709,0.0030508705604411933,0.2775225563360776,0.5289643699534896,1
서울특별시 광진구 화양동,-0.6238417991016969,0.5225943216091672,0.4608323384309236,1.1929508320085773,-1.9532531710571142,1.2429507710371845,1
서울특별시 구로구 가리봉동,-1.329294930359214,-1.42708005460528,2.7768281049254826,2.095605136300447,0.8267458839777819,-1.2650224125961407,3
서울특별시 구로구 개봉1동,0.9405143267483104,0.6751858427659629,0.22278312387279411,-0.09583956152734473,0.9124067211124495,0.23913436646532926,2
서울특별시 구로구 개봉2동,0.9405143267483104,0.6751858427659629,0.22278312387279411,-0.09583956152734473,0.9124067211124495,0.23913436646532926,2
서울특별시 구로구 개봉3동,0.9405143267483104,0.6751858427659629,0.22278312387279411,-0.09583956152734473,0.9124067211124495,0.23913436646532926,2
서울특별시 구로구 고척1동,1.149196774275212,0.5341292753738295,-0.380720997782853,-0.4685572919008485,0.18097752259122174,-0.28866759877993114,2
서울특별시 구로구 고척2동,1.149196774275212,0.5341292753738295,-0.380720997782853,-0.4685572919008485,0.18097752259122174,-0.28866759877993114,2
서울특별시 구로구 구로1동,-0.9024591085129781,-1.1065174179879123,0.4511969135194257,0.4379857191440412,-0.007582900745592631,-0.16991507038275522,1
서울특별시 구로구 구로2동,-0.9024591085129781,-1.1065174179879123,0.4511969135194257,0.4379857191440412,-0.007582900745592631,-0.16991507038275522,1
서울특별시 구로구 구로3동,-0.9024591085129781,-1.1065174179879123,0.4511969135194257,0.4379857191440412,-0.007582900745592631,-0.16991507038275522,1
서울특별시 구로구 구로4동,-0.9024591085129781,-1.1065174179879123,0.4511969135194257,0.4379857191440412,-0.007582900745592631,-0.16991507038275522,1
서울특별시 구로구 구로5동,-0.9024591085129781,-1.1065174179879123,0.4511969135194257,0.4379857191440412,-0.007582900745592631,-0.16991507038275522,1
서울특별시 구로구 수궁동,3.4474924237673115,0.1681332512670041,-0.5220307196341543,0.38149401188162657,-0.4702491236173417,-0.07461942081096218,2
서울특별시 구로구 신도림동,1.5750646631752152,1.558140685168077,-0.44227270983402883,0.8968330503177894,-0.5707312188717111,-0.7350057944302677,2
서울특별시 구로구 오류1동,1.8217652890331704,0.2828790789233107,-0.3627571407426656,0.267103980576827,-0.02849803712059254,0.6331608573221149,2
서울특별시 구로구 오류2동,1.8472425131372041,0.2892741746361613,-0.37499366715042526,0.279800946981972,-0.03384234560591988,0.6227051766052528,2
서울특별시 구로구 항동,2.7559489780274466,0.9832206796998674,-0.9127173644652248,0.8904310201318764,-0.07577364789077073,-0.16356350892318997,2
서울특별시 금천구 가산동,-0.010616700462405712,-0.9941933017843215,2.0665747682124898,2.359235821675317,0.592188898985869,-0.9607233300285455,3
서울특별시 금천구 독산1동,-0.03693795793979978,-0.3375227523702122,0.6044844157721865,0.0028904922492928435,0.6038633551852329,0.09017649525906199,1
서울특별시 금천구 독산2동,-0.03693795793979978,-0.3375227523702122,0.6044844157721865,0.0028904922492928435,0.6038633551852329,0.09017649525906199,1
서울특별시 금천구 독산3동,-0.03693795793979978,-0.3375227523702122,0.6044844157721865,0.0028904922492928435,0.6038633551852329,0.09017649525906199,1
서울특별시 금천구 독산4동,-0.03693795793979978,-0.3375227523702122,0.6044844157721865,0.0028904922492928435,0.6038633551852329,0.09017649525906199,1
서울특별시 금천구 시흥1동,0.8040441533390773,-0.0015473208978337713,0.009591707452297987,-0.6315002548309292,0.7906708591423939,-0.3763740290395844,1
서울특별시 금천구 시흥2동,0.8040441533390773,-0.0015473208978337713,0.009591707452297987,-0.6315002548309292,0.7906708591423939,-0.3763740290395844,1
서울특별시 금천구 시흥3동,0.8040441533390773,-0.0015473208978337713,0.009591707452297987,-0.6315002548309292,0.7906708591423939,-0.3763740290395844,1
서울특별시 금천구 시흥4동,0.8040441533390773,-0.0015473208978337713,0.009591707452297987,-0.6315002548309292,0.7906708591423939,-0.3763740290395844,1
서울특별시 금천구 시흥5동,0.8040441533390773,-0.0015473208978337713,0.009591707452297987,-0.6315002548309292,0.7906708591423939,-0.3763740290395844,1
서울특별시 노원구 공릉1동,1.0758813950042894,0.5007316515663476,-0.7493283521117979,0.06032534621714555,0.44729849129835236,-0.06906861149701213,2
서울특별시 노원구 공릉2동,1.0758813950042894,0.5007316515663476,-0.7493283521117979,0.06032534621714555,0.44729849129835236,-0.06906861149701213,2
서울특별시 노원구 상계10동,0.9476269606942936,0.3925365355367135,-0.5536361625137166,-0.1245504601577565,0.34998999043288037,-0.043332089037877004,2
서울특별시 노원구 상계1동,0.9476269606942936,0.3925365355367135,-0.5536361625137166,-0.1245504601577565,0.34998999043288037,-0.043332089037877004,2
서울특별시 노원구 상계2동,0.9476269606942936,0.3925365355367135,-0.5536361625137166,-0.1245504601577565,0.34998999043288037,-0.043332089037877004,2
서울특별시 노원구 상계3.4동,0.9476269606942936,0.3925365355367135,-0.5536361625137166,-0.1245504601577565,0.34998999043288037,-0.043332089037877004,2
서울특별시 노원구 상계5동,0.9476269606942936,0.3925365355367135,-0.5536361625137166,-0.1245504601577565,0.34998999043288037,-0.043332089037877004,2
서울특별시 노원구 상계6.7동,0.9476269606942936,0.3925365355367135,-0.5536361625137166,-0.1245504601577565,0.34998999043288037,-0.043332089037877004,2
서울특별시 노원구 상계8동,0.9476269606942936,0.3925365355367135,-0.5536361625137166,-0.1245504601577565,0.34998999043288037,-0.043332089037877004,2
서울특별시 노원구 상계9동,0.9476269606942936,0.3925365355367135,-0.5536361625137166,-0.1245504601577565,0.34998999043288037,-0.043332089037877004,2
서울특별시 노원구 월계1동,1.9141954599109308,0.026143456809774618,-0.4486945932621842,-0.322447078348598,-0.4359752618164911,-0.19502383464934941,2
서울특별시 노원구 월계2동,1.9141954599109308,0.026143456809774618,-0.4486945932621842,-0.322447078348598,-0.4359752618164911,-0.19502383464934941,2
서울특별시 노원구 월계3동,1.9141954599109308,0.026143456809774618,-0.4486945932621842,-0.322447078348598,-0.4359752618164911,-0.19502383464934941,2
서울특별시 노원구 중계1동,2.286390342173586,1.1154584232155464,0.2145499252711423,-0.6546230826645958,0.01856058604119846,-0.12871478536908798,2
서울특별시 노원구 중계2.3동,2.286390342173586,1.1154584232155464,0.2145499252711423,-0.6546230826645958,0.01856058604119846,-0.12871478536908798,2
서울특별시 노원구 중계4동,1.2656323386996386,0.5642569839296329,-0.37116380735074433,-0.2504621388177389,0.2712633577181407,-0.06361360928077461,2
서울특별시 노원구 중계본동,2.286390342173586,1.1154584232155464,0.2145499252711423,-0.6546230826645958,0.01856058604119846,-0.12871478536908798,2
서울특별시 노원구 하계1동,1.901703086453742,-0.0021085891821574798,-0.7825330110798048,-0.29645866615412203,-0.3234753368709633,-1.2176944317496057,2
서울특별시 노원구 하계2동,1.901703086453742,-0.0021085891821574798,-0.7825330110798048,-0.29645866615412203,-0.3234753368709633,-1.2176944317496057,2
서울특별시 도봉구 도봉1동,1.854408890684251,-0.803332453817673,-0.20010372072670016,0.23957886574069334,-0.654339945522892,0.4043272118709132,2
서울특별시 도봉구 도봉2동,1.854408890684251,-0.803332453817673,-0.20010372072670016,0.23957886574069334,-0.654339945522892,0.4043272118709132,2
서울특별시 도봉구 방학1동,-0.4581303555524339,-0.23440828176422643,-0.4346412814507432,0.5900228289971106,-0.39504865259295036,0.8830763854620699,1
서울특별시 도봉구 방학2동,-0.4581303555524339,-0.23440828176422643,-0.4346412814507432,0.5900228289971106,-0.39504865259295036,0.8830763854620699,1
서울특별시 도봉구 방학3동,-0.4581303555524339,-0.23440828176422643,-0.4346412814507432,0.5900228289971106,-0.39504865259295036,0.8830763854620699,1
서울특별시 도봉구 쌍문1동,-0.2558611787117447,0.5541520957511245,-0.7727427511264822,-0.3827978068216151,-0.5196160467687023,0.13944078047753808,1
서울특별시 도봉구 쌍문2동,-0.2558611787117447,0.5541520957511245,-0.7727427511264822,-0.3827978068216151,-0.5196160467687023,0.13944078047753808,1
서울특별시 도봉구 쌍문3동,-0.2558611787117447,0.5541520957511245,-0.7727427511264822,-0.3827978068216151,-0.5196160467687023,0.13944078047753808,1
서울특별시 도봉구 쌍문4동,-0.2558611787117447,0.5541520957511245,-0.7727427511264822,-0.3827978068216151,-0.5196160467687023,0.13944078047753808,1
서울특별시 도봉구 창1동,0.0559958139018619,0.05502110254565966,-0.09206998844733623,-0.31689824705048586,-0.37338522151246156,0.7815963448446774,1
서울특별시 도봉구 창2동,0.0559958139018619,0.05502110254565966,-0.09206998844733623,-0.31689824705048586,-0.37338522151246156,0.7815963448446774,1
서울특별시 도봉구 창3동,0.0559958139018619,0.05502110254565966,-0.09206998844733623,-0.31689824705048586,-0.37338522151246156,0.7815963448446774,1
서울특별시 도봉구 창4동,0.0559958139018619,0.05502110254565966,-0.09206998844733623,-0.31689824705048586,-0.37338522151246156,0.7815963448446774,1
서울특별시 도봉구 창5동,0.0559958139018619,0.05502110254565966,-0.09206998844733623,-0.31689824705048586,-0.37338522151246156,0.7815963448446774,1
서울특별시 동대문구 기동,-1.2285713888944845,-3.075491488996962,-0.19836773487646892,-0.25822774915925256,0.043363925086884525,-0.27318189694570005,1
서울특별시 동대문구 답십리1동,-0.8500179205586854,0.03806327253537213,0.11536995561837646,0.6269322626186028,1.2552042615619703,0.4765538565578581,1
서울특별시 동대문구 답십리2동,-0.8500179205586854,0.03806327253537213,0.11536995561837646,0.6269322626186028,1.2552042615619703,0.4765538565578581,1
서울특별시 동대문구 용신동,-0.7424690548419838,-1.0288354739078482,0.7783031188860026,0.24814799497260687,1.0107075812709014,-0.9245521386626192,1
서울특별시 동대문구 이문1동,1.2799892033876148,-1.0398313739276135,-0.4687232948729846,-0.4424130995928373,0.5470655119814885,0.8229475869973572,2
서울특별시 동대문구 이문2동,1.2799892033876148,-1.0398313739276135,-0.4687232948729846,-0.4424130995928373,0.5470655119814885,0.8229475869973572,2
서울특별시 동대문구 장안1동,-0.1800751534426936,0.6177824185246618,0.10304424630272566,0.25332150444671975,0.8081522337362672,0.21431270473976385,1
서울특별시 동대문구 장안2동,-0.1800751534426936,0.6177824185246618,0.10304424630272566,0.25332150444671975,0.8081522337362672,0.21431270473976385,1
서울특별시 동대문구 전농1동,-0.8036277403499215,-0.8586562144861933,-0.8269522592671894,-0.5237740099430636,0.09605532994403025,-0.6311089757753943,1
서울특별시 동대문구 전농2동,-0.8036277403499215,-0.8586562144861933,-0.8269522592671894,-0.5237740099430636,0.09605532994403025,-0.6311089757753943,1
서울특별시 동대문구 청량리동,-0.8229357115636646,-3.096977468598842,-0.7634373138571846,-0.5746391143515842,-0.2661010692316884,-0.6257594774163625,1
서울특별시 동대문구 회기동,0.8850784715162385,-1.6870357087358956,-0.9314737004312705,-0.8712033078470225,0.011102542480677942,-0.7965216769908754,1
서울특별시 동대문구 휘경1동,0.8294344387161816,-1.0080119866018251,-0.16360692582421413,-1.1712349657159786,0.07926898263623372,-0.1255800458040812,1
서울특별시 동대문구 휘경2동,0.8294344387161816,-1.0080119866018251,-0.16360692582421413,-1.1712349657159786,0.07926898263623372,-0.1255800458040812,1
서울특별시 동작구 노량진1동,0.7663340872673516,0.25875684529208676,0.048453935484002855,-0.028263940735109724,-0.21497061232002992,0.31227912772043387,2
서울특별시 동작구 노량진2동,0.08377346010444739,0.033550345530524814,-0.18448887546788784,-0.35805401521146074,-0.2979770200062066,0.0953168440550828,1
서울특별시 동작구 대방동,-0.25976820714118953,0.6981425825123885,-1.035614685895413,-0.4094777334509743,-0.21977522876061154,-0.5538733519185086,1
서울특별시 동작구 사당1동,-0.6086248076210592,1.793341230493043,1.1471424181745682,-0.8259139868650847,-0.6280097229959372,0.43903954567695336,0
서울특별시 동작구 사당2동,-0.43538354688366243,1.811246169186647,1.1514989049965587,-0.7451268757511988,-0.619228153904799,0.3860496031935292,0
서울특별시 동작구 사당3동,-0.6086248076210592,1.793341230493043,1.1471424181745682,-0.8259139868650847,-0.6280097229959372,0.43903954567695336,0
서울특별시 동작구 사당4동,-0.6086248076210592,1.793341230493043,1.1471424181745682,-0.8259139868650847,-0.6280097229959372,0.43903954567695336,0
서울특별시 동작구 사당5동,-0.6086248076210592,1.793341230493043,1.1471424181745682,-0.8259139868650847,-0.6280097229959372,0.43903954567695336,0
서울특별시 동작구 상도1동,-0.11748216643562695,0.8008521580747612,-0.6727227326186745,-0.6000613167344704,0.06596222339154569,0.8982285084358705,1
서울특별시 동작구 상도2동,-0.2383540012728429,0.696459979264597,-0.7062999811587092,-0.740391272187556,0.021938497954335313,0.7605999497647882,1
서울특별시 동작구 상도3동,-0.2383540012728429,0.696459979264597,-0.7062999811587092,-0.740391272187556,0.021938497954335313,0.7605999497647882,1
서울특별시 동작구 상도4동,-0.2383540012728429,0.696459979264597,-0.7062999811587092,-0.740391272187556,0.021938497954335313,0.7605999497647882,1
서울특별시 동작구 신대방1동,-0.4930224315198813,0.3015686447658795,0.14241067199465438,-0.7615330686306667,0.5941943588451164,0.008152759316921172,1
서울특별시 동작구 신대방2동,-0.4930224315198813,0.3015686447658795,0.14241067199465438,-0.7615330686306667,0.5941943588451164,0.008152759316921172,1
서울특별시 동작구 흑석동,2.8757700325745197,0.9852146485836665,-0.010198802540076372,1.3591285998358247,-0.6750043114071745,1.3555516696880783,2
서울특별시 마포구 공덕동,-1.0209024171119487,0.3432089549057461,-0.1370587053521448,-0.04727936976809777,-0.1026551613016454,-1.5879487237049557,1
서울특별시 마포구 대흥동,-0.7038478873878393,2.3627449678659507,-0.9483512776154279,0.903184705734753,-1.5787662632561064,-0.4617993894675754,0
서울특별시 마포구 도화동,-0.0866738878511775,1.7571347001466049,0.7649289829474502,1.1722028391158281,1.016749351081309,-1.0180339558500429,0
서울특별시 마포구 망원1동,0.2387367259280206,-0.37765021549531813,-0.2790080078934554,0.8781240861939316,0.03025832449414094,0.7753827740079676,1
서울특별시 마포구 망원2동,0.2387367259280206,-0.37765021549531813,-0.2790080078934554,0.8781240861939316,0.03025832449414094,0.7753827740079676,1
서울특별시 마포구 상암동,3.108619918330892,-0.27737138080645846,-0.24692601125433852,1.2261426205079646,0.5934040035007123,-0.2620558968974472,2
서울특별시 마포구 서강동,-0.11722815885215865,1.7103305010236147,-0.31911864501075465,2.178496733695925,-1.5860236213978556,0.6968493219344831,0
서울특별시 마포구 서교동,-1.726165678668988,0.9310127778527907,0.29180840633507704,1.3522766367941232,-1.2771112107181835,0.41981245689987023,0
서울특별시 마포구 성산1동,-0.04382580370778193,0.4984565580269878,-0.45850676340703694,-0.08265526445028916,-0.03531950117552744,-0.18106650774631883,1
서울특별시 마포구 성산2동,0.12365633164438777,0.5641258894288858,-0.5335840448013968,-0.07830676217473337,0.03177593658078915,-0.2026547505184321,1
서울특별시 마포구 신수동,-0.38368719159601766,2.296224310733882,-1.1660991408611825,0.957253782755705,-1.2666291695332244,-0.6455511793905563,0
서울특별시 마포구 아현동,-0.9928082158528466,0.37830600716834356,-0.2372057291108879,-0.2385419125548722,-0.3392227980268735,-1.7654228537499397,1
서울특별시 마포구 연남동,-0.4734986500426213,-0.26840431944414117,-0.010028431102605892,0.8316700317754846,-0.34041640907159415,0.3520663057336552,1
서울특별시 마포구 염리동,-1.1248736450237575,0.4054288088401483,-0.4272273782004702,-0.021248894868370127,-0.3420091352571089,-1.6306753942450554,1
서울특별시 마포구 용강동,-0.5952187063360862,1.7723755404220247,-0.28362531559926407,0.8177270957592847,-0.30636092282579663,-1.1821526554302257,0
서울특별시 마포구 합정동,0.8847728741241975,-0.41472588608171035,0.43705863202062134,1.704588426508283,-0.5184601925950826,1.2523217203668766,2
서울특별시 서대문구 남가좌1동,0.6351305861431913,0.7600488951415192,-1.1994755317897356,-0.5391847127180331,0.35902214926870324,0.32390118022411757,1
서울특별시 서대문구 남가좌2동,0.6351305861431913,0.7600488951415192,-1.1994755317897356,-0.5391847127180331,0.35902214926870324,0.32390118022411757,1
서울특별시 서대문구 북가좌1동,-0.1483784127057129,0.5559859702999699,-1.1202746996091717,-0.8021872928792663,0.7100137006490134,0.3323103801330058,1
서울특별시 서대문구 북가좌2동,-0.1483784127057129,0.5559859702999699,-1.1202746996091717,-0.8021872928792663,0.7100137006490134,0.3323103801330058,1
서울특별시 서대문구 북아현동,0.09802376278431894,0.445953737525718,-0.37155446267016984,0.05919679394358542,-0.6298483874804625,-1.0295176876017695,1
서울특별시 서대문구 신촌동,0.14166964421288428,1.0833935346696448,0.4789723328344057,1.4175292348989148,-1.3820427007389064,0.8350668301469106,0
서울특별시 서대문구 연희동,0.8378743456033049,-0.38446231002538406,-0.20912498890012685,0.5860530767691503,-0.6162095074753721,0.47170796984418534,2
서울특별시 서대문구 천연동,1.0911378780152272,-0.1391272368845348,-0.8772446548830927,0.7398034674320957,-1.0244100187716816,-0.8257773091332883,2
서울특별시 서대문구 충현동,-0.26060279125011215,0.05320241844721516,-0.37043209714032854,0.2865053120492809,-0.781173151141673,-1.2167207818008188,1
서울특별시 서대문구 홍1동,1.966304926903138,-0.5026544537110516,-0.1608775211794278,0.21027474828388432,0.4090112701165378,0.531913728689802,2
서울특별시 서대문구 홍2동,1.966304926903138,-0.5026544537110516,-0.1608775211794278,0.21027474828388432,0.4090112701165378,0.531913728689802,2
서울특별시 서대문구 홍3동,1.966304926903138,-0.5026544537110516,-0.1608775211794278,0.21027474828388432,0.4090112701165378,0.531913728689802,2
서울특별시 서대문구 홍은1동,2.2165096188668962,-0.1513354783731165,-0.6475996990183829,-0.1746034711205641,-0.00737006997613877,0.10736632500644111,2
서울특별시 서대문구 홍은2동,2.2165096188668962,-0.1513354783731165,-0.6475996990183829,-0.1746034711205641,-0.00737006997613877,0.10736632500644111,2
서울특별시 서초구 내곡동,5.407148143722565,0.6955511105555348,1.739823748544954,1.604890995627389,-0.9353536314498524,2.555254426017648,2
서울특별시 서초구 반포1동,-0.2367181102016254,3.017254661376534,2.425532843006973,0.878490842873935,0.5995882541580789,-0.5734788296595508,0
서울특별시 서초구 반포2동,-0.2367181102016254,3.017254661376534,2.425532843006973,0.878490842873935,0.5995882541580789,-0.5734788296595508,0
서울특별시 서초구 반포3동,-0.23481454701331042,2.487438486565448,2.5791738392008208,1.532198952518974,1.4173384585193245,0.04130258015196229,0
서울특별시 서초구 반포4동,-0.2367181102016254,3.017254661376534,2.425532843006973,0.878490842873935,0.5995882541580789,-0.5734788296595508,0
서울특별시 서초구 반포본동,-0.2367181102016254,3.017254661376534,2.425532843006973,0.878490842873935,0.5995882541580789,-0.5734788296595508,0
서울특별시 서초구 방배1동,0.8913504874913585,2.0795048240633633,0.8869147491514018,0.5819079199654124,0.026755249446066373,-0.4926243066896151,0
서울특별시 서초구 방배2동,0.8913504874913585,2.0795048240633633,0.8869147491514018,0.5819079199654124,0.026755249446066373,-0.4926243066896151,0
서울특별시 서초구 방배3동,0.8913504874913585,2.0795048240633633,0.8869147491514018,0.5819079199654124,0.026755249446066373,-0.4926243066896151,0
서울특별시 서초구 방배4동,0.8913504874913585,2.0795048240633633,0.8869147491514018,0.5819079199654124,0.026755249446066373,-0.4926243066896151,0
서울특별시 서초구 방배본동,0.8913504874913585,2.0795048240633633,0.8869147491514018,0.5819079199654124,0.026755249446066373,-0.4926243066896151,0
서울특별시 서초구 서초1동,0.6414004871255793,1.9830473455554272,2.006982088593744,1.8422291256318717,-0.10208256498240038,-1.0410914222107603,0
서울특별시 서초구 서초2동,0.6414004871255793,1.9830473455554272,2.006982088593744,1.8422291256318717,-0.10208256498240038,-1.0410914222107603,0
서울특별시 서초구 서초3동,0.813608913647727,2.0495037991494947,1.2352876143311142,0.9739037348629108,-0.01331698279872316,-0.6632132112693021,0
서울특별시 서초구 서초4동,0.6414004871255793,1.9830473455554272,2.006982088593744,1.8422291256318717,-0.10208256498240038,-1.0410914222107603,0
서울특별시 서초구 양재1동,2.24341899664602,1.5869270384099488,1.2333156657609383,1.7434316780080323,-1.032466322147028,-0.5005711671783923,2
서울특별시 서초구 양재2동,2.133502564975161,1.5172907178476434,1.2672505954662467,1.8821001383669704,-1.0218821818694996,-0.3820418899974347,2
서울특별시 서초구 잠원동,-0.23481454701331042,2.487438486565448,2.5791738392008208,1.532198952518974,1.4173384585193245,0.04130258015196229,0
서울특별시 성동구 금호1가동,-1.5085315823360252,0.5578670458526275,-1.7573555524374884,-0.6368975649419306,0.5682178327573078,-0.816764842725459,1
서울특별시 성동구 금호2.3가동,-0.0067828603565772885,0.547281941410878,-1.005979676653188,-0.7120856189330588,0.6088125846242756,-0.4747701580170534,1
서울특별시 성동구 금호4가동,0.5530908147537726,0.25509779902323604,-1.4789471020300595,0.18016338157572187,0.9485147802825674,-0.4146907856575563,1
서울특별시 성동구 마장동,-0.25259946981755166,-0.8612324744512928,0.1722426020112179,-0.15122873797870237,0.2416293527947062,-0.9064650091971144,1
서울특별시 성동구 사근동,0.17368920158356688,0.17991062819743786,-0.25265661388730204,-0.8744421334061574,-0.5197149114861007,-1.1673702243305226,1
서울특별시 성동구 성수1가1동,2.0911195410735264,0.19899833824815785,0.30339828475736064,1.1287430603519106,-0.7658775144799072,-0.5546377315531597,2
서울특별시 성동구 성수1가2동,2.0911195410735264,0.19899833824815785,0.30339828475736064,1.1287430603519106,-0.7658775144799072,-0.5546377315531597,2
서울특별시 성동구 성수2가1동,0.4997557120383198,-0.7016246403804247,0.6535045326560689,1.4097056216795651,-0.9559488784525856,-0.17917091700740817,2
서울특별시 성동구 성수2가3동,0.4997557120383198,-0.7016246403804247,0.6535045326560689,1.4097056216795651,-0.9559488784525856,-0.17917091700740817,2
서울특별시 성동구 송정동,1.2018475101622579,-0.5552014836972812,0.7402079960983566,1.6899240310163626,0.36983285542710775,2.349625610748447,2
서울특별시 성동구 옥수동,2.258556433907539,0.3917285256295225,-1.3506669392143233,0.3094860808771814,0.6707283447957414,-0.8758900717479544,2
서울특별시 성동구 왕십리2동,-1.5249932326196973,0.6046745760303457,-0.17550080805825502,-1.2215483951673023,-0.0025531064310977524,-0.7085237059107448,1
서울특별시 성동구 왕십리도선동,-1.4047510074515237,0.22838469651638277,-0.39324088778941524,-0.6705416494502732,0.12706454220812755,-0.6899734607371574,1
서울특별시 성동구 용답동,1.0518072087415204,-0.33104965043413065,1.789642920985921,0.4763233988964668,0.624839514755689,1.0027391127874978,2
서울특별시 성동구 응봉동,0.9766135576120917,1.0128323448799277,-1.0991187883632754,-0.33188055417597295,-0.07758198455928307,-0.7568233437390194,2
서울특별시 성동구 행당1동,-0.41718305763542274,0.46193528236945963,-0.9303726169992895,-0.5705120393410076,-0.25830440434966856,-1.2482342915458624,1
서울특별시 성동구 행당2동,-0.41718305763542274,0.46193528236945963,-0.9303726169992895,-0.5705120393410076,-0.25830440434966856,-1.2482342915458624,1
서울특별시 성북구 길음1동,-1.4081995457953607,1.4859222801612908,-1.6117271753905975,-0.14005371670995514,-0.27851095042494767,-0.14855202459076902,1
서울특별시 성북구 길음2동,-1.1735707309848413,0.6845255992682597,-1.2222696766595373,-0.0912611898292713,-0.5545742570408927,-0.33479401750744564,1
서울특별시 성북구 돈암1동,-0.020889162602914447,0.7723176339401909,-1.5272802806079147,-0.7442333878424061,0.2503543909853864,-1.1821890043748067,1
서울특별시 성북구 돈암2동,-0.020889162602914447,0.7723176339401909,-1.5272802806079147,-0.7442333878424061,0.2503543909853864,-1.1821890043748067,1
서울특별시 성북구 동선동,-0.32606983612672336,0.43230010634637,-1.0395475488470711,-0.9877828934423403,0.2448575755831004,-0.9493864462273047,1
서울특별시 성북구 보문동,-0.8412587673923261,-1.5457574789858994,-0.7000144661713319,-0.5524419487562181,0.034148525127518634,-0.7396431618929485,1
서울특별시 성북구 삼선동,-0.9384665421737307,-0.523693805480124,-0.6222694860775986,-1.2039998419315283,-0.06514224682263355,-0.929557851981843,1
서울특별시 성북구 석관동,1.0582738571866595,-0.9025050786339605,-0.6907404695745427,-0.7599713236533431,0.3135972318980535,0.08817632433524411,1
서울특별시 성북구 성북동,1.9589862737736172,-1.3588168924770854,-0.45808502231782583,-0.4621118050031901,-0.07282742310194452,-0.30222883044048143,2
서울특별시 성북구 안암동,-0.0035120459928237426,-1.3130224486620667,-0.3878864231455839,-0.8139500215097957,0.023435770200879686,-0.7670971296979086,1
서울특별시 성북구 월곡1동,-1.0805013011100022,0.36663824918069066,-1.0677848688295501,-0.0719068208332667,-0.6640793686652174,-0.40867000803106074,1
서울특별시 성북구 월곡2동,-0.5874174325801459,0.00950292209136618,-0.8750809359643019,-0.0823072232720325,-0.49388276342867965,-0.14348646356245734,1
서울특별시 성북구 장위1동,0.2614171412302631,-0.892634227864327,-0.8968334590391377,-0.32711929740832796,0.15775171978819316,0.24436445330623674,1
서울특별시 성북구 장위2동,0.2614171412302631,-0.892634227864327,-0.8968334590391377,-0.32711929740832796,0.15775171978819316,0.24436445330623674,1
서울특별시 성북구 장위3동,0.2614171412302631,-0.892634227864327,-0.8968334590391377,-0.32711929740832796,0.15775171978819316,0.24436445330623674,1
서울특별시 성북구 정릉1동,0.9017717375235154,0.5751831164188242,-1.1889394840966514,-0.3599856557183389,-0.03721737558485881,-0.10013540159468434,2
서울특별시 성북구 정릉2동,1.2752589422992577,0.42793045271589825,-1.1205811481401573,-0.39554530346561834,0.0017961236080359945,-0.09230717043091523,2
서울특별시 성북구 정릉3동,1.4355459598520453,0.38534211427442083,-1.070287056949488,-0.3524250976113896,-0.028941616327178333,0.04247210979726066,2
서울특별시 성북구 정릉4동,1.4355459598520453,0.38534211427442083,-1.070287056949488,-0.3524250976113896,-0.028941616327178333,0.04247210979726066,2
서울특별시 성북구 종암동,0.34909413953523605,-0.4891440724510543,-1.0174956219416516,-0.27810151740171957,-0.36464529410286617,-0.9230876242457131,1
서울특별시 송파구 가락1동,0.3808379123897213,1.3076238822678594,0.34970491697518896,0.22580775691539123,0.8450388591931904,-1.0826119443714977,0
서울특별시 송파구 가락2동,0.3808379123897213,1.3076238822678594,0.34970491697518896,0.22580775691539123,0.8450388591931904,-1.0826119443714977,0
서울특별시 송파구 가락본동,0.3808379123897213,1.3076238822678594,0.34970491697518896,0.22580775691539123,0.8450388591931904,-1.0826119443714977,0
서울특별시 송파구 거여1동,1.1362526885437132,0.5549074889507175,-0.674366569574454,-0.3098313275313412,-0.09414328318361291,0.12578612678518156,2
서울특별시 송파구 거여2동,1.1362526885437132,0.5549074889507175,-0.674366569574454,-0.3098313275313412,-0.09414328318361291,0.12578612678518156,2
서울특별시 송파구 마천1동,2.0204817452499126,0.04786291299074248,-0.19505929823169205,0.3284085057584282,0.41557484097939734,1.187361441707714,2
서울특별시 송파구 마천2동,2.0204817452499126,0.04786291299074248,-0.19505929823169205,0.3284085057584282,0.41557484097939734,1.187361441707714,2
서울특별시 송파구 문정1동,0.9853854002350008,1.4841255137993754,0.24579474365330148,0.8154758197458127,0.30545672553406883,-1.5150456843646867,0
서울특별시 송파구 문정2동,1.1810395676982532,1.4739130318165499,0.22648057132583788,0.8870348082312506,0.3469219404376096,-1.4400828694922878,2
서울특별시 송파구 방이1동,0.19030859714086462,1.9356721036723654,0.4227371396577156,0.2345870604472033,0.2456466094920244,-0.6240919594949758,0
서울특별시 송파구 방이2동,0.19030859714086462,1.9356721036723654,0.4227371396577156,0.2345870604472033,0.2456466094920244,-0.6240919594949758,0
서울특별시 송파구 삼전동,0.6018465907047036,1.8724419931997376,-0.2542069169173604,-0.41984289961536775,-0.34769025246989876,0.2266799604950094,0
서울특별시 송파구 석촌동,0.477669159563278,2.1699871650611904,0.17775535151126326,-0.04198301010771316,0.37688377716764543,0.19720839797281092,0
서울특별시 송파구 송파1동,-0.21114788487293096,2.4313039938630108,0.833124099476996,0.1636529481347838,1.0757741764377133,-0.37827964125769714,0
서울특별시 송파구 송파2동,-0.21114788487293096,2.4313039938630108,0.833124099476996,0.1636529481347838,1.0757741764377133,-0.37827964125769714,0
서울특별시 송파구 오금동,1.1684381634178473,0.92065423402603,-0.6059152879454449,0.10782922464902804,0.21551588316580517,-1.1053069532072248,2
서울특별시 송파구 오륜동,0.19030859714086462,1.9356721036723654,0.4227371396577156,0.2345870604472033,0.2456466094920244,-0.6240919594949758,0
서울특별시 송파구 위례동,1.337968312215835,0.6211572250402492,-0.6188400774498393,-0.13768160167895585,-0.015428999467547192,0.07115227309722469,2
서울특별시 송파구 잠실2동,0.1501449466903107,2.387983321174074,0.1109093995606458,0.024309219569108323,-0.5899025518593788,0.17474284179141103,0
서울특별시 송파구 잠실3동,0.1501449466903107,2.387983321174074,0.1109093995606458,0.024309219569108323,-0.5899025518593788,0.17474284179141103,0
서울특별시 송파구 잠실4동,2.716572196957331,2.123198901081944,1.4191715225601143,0.6649315795599203,-0.7759973915833929,-1.9585930318261426,2
서울특별시 송파구 잠실6동,2.716572196957331,2.123198901081944,1.4191715225601143,0.6649315795599203,-0.7759973915833929,-1.9585930318261426,2
서울특별시 송파구 잠실7동,0.1501449466903107,2.387983321174074,0.1109093995606458,0.024309219569108323,-0.5899025518593788,0.17474284179141103,0
서울특별시 송파구 잠실본동,0.1501449466903107,2.387983321174074,0.1109093995606458,0.024309219569108323,-0.5899025518593788,0.17474284179141103,0
서울특별시 송파구 장지동,1.1810395676982532,1.4739130318165499,0.22648057132583788,0.8870348082312506,0.3469219404376096,-1.4400828694922878,2
서울특별시 송파구 풍납1동,0.6747286604138573,0.6723042430021742,0.5466907339943613,0.03632935732092435,-0.026389329151055567,-0.6631606832567732,2
서울특별시 송파구 풍납2동,0.6747286604138573,0.6723042430021742,0.5466907339943613,0.03632935732092435,-0.026389329151055567,-0.6631606832567732,2
서울특별시 양천구 목1동,-0.6464356056345608,1.8035278170500246,-0.4301769456220896,-0.5553211369370443,1.0161821119462746,-0.5754730552817886,0
서울특별시 양천구 목2동,-0.6464356056345608,1.8035278170500246,-0.4301769456220896,-0.5553211369370443,1.0161821119462746,-0.5754730552817886,0
서울특별시 양천구 목3동,-0.6464356056345608,1.8035278170500246,-0.4301769456220896,-0.5553211369370443,1.0161821119462746,-0.5754730552817886,0
서울특별시 양천구 목4동,-0.6464356056345608,1.8035278170500246,-0.4301769456220896,-0.5553211369370443,1.0161821119462746,-0.5754730552817886,0
서울특별시 양천구 목5동,-0.6464356056345608,1.8035278170500246,-0.4301769456220896,-0.5553211369370443,1.0161821119462746,-0.5754730552817886,0
서울특별시 양천구 신월1동,-0.16509753267600577,-0.34787826049602827,0.5314032389162101,-0.6703923999026405,1.1147755697380322,-0.19615173031816466,1
서울특별시 양천구 신월2동,-0.16509753267600577,-0.34787826049602827,0.5314032389162101,-0.6703923999026405,1.1147755697380322,-0.19615173031816466,1
서울특별시 양천구 신월3동,-0.16509753267600577,-0.34787826049602827,0.5314032389162101,-0.6703923999026405,1.1147755697380322,-0.19615173031816466,1
서울특별시 양천구 신월4동,-0.16509753267600577,-0.34787826049602827,0.5314032389162101,-0.6703923999026405,1.1147755697380322,-0.19615173031816466,1
서울특별시 양천구 신월5동,-0.16509753267600577,-0.34787826049602827,0.5314032389162101,-0.6703923999026405,1.1147755697380322,-0.19615173031816466,1
서울특별시 양천구 신월6동,-0.16509753267600577,-0.34787826049602827,0.5314032389162101,-0.6703923999026405,1.1147755697380322,-0.19615173031816466,1
서울특별시 양천구 신월7동,-0.16509753267600577,-0.34787826049602827,0.5314032389162101,-0.6703923999026405,1.1147755697380322,-0.19615173031816466,1
서울특별시 양천구 신정1동,-1.8206759807463588,1.6399983723163825,0.11404782581604217,0.18803545493156557,-0.27029627374012843,-0.13062513445119944,0
서울특별시 양천구 신정2동,-1.8206759807463588,1.6399983723163825,0.11404782581604217,0.18803545493156557,-0.27029627374012843,-0.13062513445119944,0
서울특별시 양천구 신정3동,-1.8206759807463588,1.6399983723163825,0.11404782581604217,0.18803545493156557,-0.27029627374012843,-0.13062513445119944,0
서울특별시 양천구 신정4동,-1.8206759807463588,1.6399983723163825,0.11404782581604217,0.18803545493156557,-0.27029627374012843,-0.13062513445119944,0
서울특별시 양천구 신정6동,-1.8206759807463588,1.6399983723163825,0.11404782581604217,0.18803545493156557,-0.27029627374012843,-0.13062513445119944,0
서울특별시 양천구 신정7동,-1.8206759807463588,1.6399983723163825,0.11404782581604217,0.18803545493156557,-0.27029627374012843,-0.13062513445119944,0
서울특별시 영등포구 당산1동,-1.567283389950406,2.051444198645481,0.9795538796868247,2.5599869608629806,-1.415242874843799,0.1939366225033215,0
서울특별시 영등포구 당산2동,0.3365477158808111,1.5829674262068265,0.657258371035183,1.9193596618967677,0.5403014227052184,-1.1757236372862698,0
서울특별시 영등포구 대림1동,-1.3176688668572922,-0.5103256335768205,0.14355103446003156,0.37451308157133356,0.10763999554073837,-0.06369992617642511,1
서울특별시 영등포구 대림2동,-1.3176688668572922,-0.5103256335768205,0.14355103446003156,0.37451308157133356,0.10763999554073837,-0.06369992617642511,1
서울특별시 영등포구 대림3동,-1.3176688668572922,-0.5103256335768205,0.14355103446003156,0.37451308157133356,0.10763999554073837,-0.06369992617642511,1
서울특별시 영등포구 도림동,-1.0046332154644686,0.44504345959394154,-0.43067466919641856,1.0649421807980672,-1.5070296541765174,1.0266775831495907,1
서울특별시 영등포구 문래동,-0.04724310471330442,1.7046422758812358,-0.0076464589276095205,2.0677749715523857,-1.6791326478786015,0.7920283521749306,0
서울특별시 영등포구 신길1동,-0.6893462708037131,0.2654255092544243,-0.8798300023553763,0.13459271155832064,-0.4731674757184429,0.2164304735686532,1
서울특별시 영등포구 신길3동,-0.6893462708037131,0.2654255092544243,-0.8798300023553763,0.13459271155832064,-0.4731674757184429,0.2164304735686532,1
서울특별시 영등포구 신길4동,-0.6893462708037131,0.2654255092544243,-0.8798300023553763,0.13459271155832064,-0.4731674757184429,0.2164304735686532,1
서울특별시 영등포구 신길5동,-0.9195983849318746,-0.018852569866257336,-0.5048066484836271,0.22251279077380107,-0.26032752853396496,0.11377521784811709,1
서울특별시 영등포구 신길6동,-0.6893462708037131,0.2654255092544243,-0.8798300023553763,0.13459271155832064,-0.4731674757184429,0.2164304735686532,1
서울특별시 영등포구 신길7동,-0.6893462708037131,0.2654255092544243,-0.8798300023553763,0.13459271155832064,-0.4731674757184429,0.2164304735686532,1
서울특별시 영등포구 양평1동,0.6734432672832994,1.9061681468181657,-0.4713921929989336,1.8277518359918292,-1.2086344504770237,-0.5337030334456917,0
서울특별시 영등포구 양평2동,2.269683156574875,1.4184644164616294,-0.1621171532397687,1.361578884779334,-0.109159946748599,-1.3475129111672266,2
서울특별시 영등포구 여의동,0.3841364292806349,0.3818481898429705,2.3076983246857563,1.9991183844012954,0.19100460857412616,-2.1723510335409095,0
서울특별시 영등포구 영등포동,-1.2049931302491832,0.833033669438653,0.7567185664996875,2.1523779171779913,-1.3662472133394088,0.47851449539005064,0
서울특별시 영등포구 영등포본동,-0.8205228826364809,0.23808831211164314,-0.7857927132930025,0.22843394060004707,-0.6314342595298906,0.29783138490699035,1
서울특별시 용산구 남영동,-0.28879555068950363,-1.471772729521737,0.8415340557806628,0.44553180050682306,0.3762897758170489,-1.3254629507792612,1
서울특별시 용산구 보광동,1.1942615288273386,-1.758167187911405,0.03235729170049272,-0.07795757882864818,-0.052529653685531856,0.08610517978345678,2
서울특별시 용산구 서빙고동,3.224531579048443,-0.3279429567870611,0.7505161871039568,0.006435858070425625,0.39153647636827205,-1.2345218101303035,2
서울특별시 용산구 용문동,-0.9968447817279856,-0.03227197586065358,-0.7351786415610918,1.2384140810105417,-0.9638442335468346,-0.4552639890625845,1
서울특별시 용산구 용산2가동,2.5124009978749773,-1.4445342851187362,-0.41038266657673295,0.04062173288316132,0.8341870570499804,-0.9909318100427815,2
서울특별시 용산구 원효로1동,-0.738549421070172,-0.6491953725200743,-0.18878843032407347,1.1016692220561597,-0.9519473079035269,-0.9001457500974327,1
서울특별시 용산구 원효로2동,0.45338723644964596,0.5017812430842529,-0.7442190750324207,0.9376999602606352,-0.7511734615495528,-0.6978890724627386,2
서울특별시 용산구 이촌1동,3.789915800175726,-0.22166896916088843,-0.3119673274106084,1.9323279348232867,-0.18268964987681643,0.9953353308239059,2
서울특별시 용산구 이촌2동,3.789915800175726,-0.22166896916088843,-0.3119673274106084,1.9323279348232867,-0.18268964987681643,0.9953353308239059,2
서울특별시 용산구 이태원1동,2.312125936257314,-1.9740443520756108,0.41532156778530505,0.21651982942970657,0.8533491123960302,-0.12937847416781528,2
서울특별시 용산구 이태원2동,2.312125936257314,-1.9740443520756108,0.41532156778530505,0.21651982942970657,0.8533491123960302,-0.12937847416781528,2
서울특별시 용산구 청파동,-1.008179349716101,-1.0574242790150135,-0.06660387499703393,-0.4980458357828528,-0.8784705548240033,-1.4562858111525097,1
서울특별시 용산구 한강로동,2.829955728203671,0.6817755890090949,1.2431954055195706,1.5076882719480071,0.189868718879126,-0.8855152621630589,2
서울특별시 용산구 한남동,2.0793645946944572,-1.301437894480555,1.124581901192234,0.4291161878897284,0.9205135849924287,0.6660116699235119,2
서울특별시 용산구 효창동,-2.2890766833481644,-0.6079267041218821,-0.8753638919990838,0.3839109118847086,-0.9305644886179265,-1.1772755037273386,1
서울특별시 용산구 후암동,0.7935512379382487,-2.04519234514443,0.0054494180442989,0.2291484102569415,-0.3833534641875551,-0.6950427989195941,1
서울특별시 은평구 갈현1동,-0.3002994721203435,0.8716342500098073,-0.46747895346301666,-0.3926190182200563,-0.6625954349776416,0.8959835641559233,1
서울특별시 은평구 갈현2동,-0.3002994721203435,0.8716342500098073,-0.46747895346301666,-0.3926190182200563,-0.6625954349776416,0.8959835641559233,1
서울특별시 은평구 구산동,0.18660739687105501,1.0823663138428008,-1.059326276583745,-0.5531861706648995,-0.8626154490490171,0.14250233685684066,1
서울특별시 은평구 녹번동,-0.6956800126231437,-0.09553514975096843,-0.06783820679548198,0.40075286802486954,0.011499054831906167,1.1290523195069928,1
서울특별시 은평구 대조동,-2.767338918279735,0.16918657687665373,-0.12312065594421374,-0.5000080923869145,-0.21045469458979904,0.9504695123242752,1
서울특별시 은평구 불광1동,-0.4950927493545193,-0.2975184164583354,-0.2883927497147993,-0.6557381164341555,-0.9983822705468824,0.23619668542920969,1
서울특별시 은평구 불광2동,-0.4950927493545193,-0.2975184164583354,-0.2883927497147993,-0.6557381164341555,-0.9983822705468824,0.23619668542920969,1
서울특별시 은평구 수색동,3.390882357092822,-0.4551156870817258,0.31880279523453053,0.32928678200721073,0.4270887110604478,-0.325258441725751,2
서울특별시 은평구 신사1동,-0.06012645639139978,0.5922751739974975,-1.335639015202862,-0.15693736324860388,-0.6236029171074072,0.4304177807127508,1
서울특별시 은평구 신사2동,-0.06012645639139978,0.5922751739974975,-1.335639015202862,-0.15693736324860388,-0.6236029171074072,0.4304177807127508,1
서울특별시 은평구 역촌동,-2.133057688218676,0.9008033481641696,-0.9475605978864716,-0.2835860279218669,-0.8072025187480213,0.8617542693597223,1
서울특별시 은평구 응암1동,-1.0018300794558315,0.8488370799743798,-1.168328802338222,-0.48166058763751163,-0.42727949424923145,0.2335636417610599,1
서울특별시 은평구 응암2동,-1.0018300794558315,0.8488370799743798,-1.168328802338222,-0.48166058763751163,-0.42727949424923145,0.2335636417610599,1
서울특별시 은평구 응암3동,-1.0018300794558315,0.8488370799743798,-1.168328802338222,-0.48166058763751163,-0.42727949424923145,0.2335636417610599,1
서울특별시 은평구 증산동,0.83468034999665,-0.6943295450943358,0.5472996498131709,-2.029782522912735,-0.02930739077281778,0.3656943922263236,1
서울특별시 은평구 진관동,5.044653802929869,0.9280263973877924,0.4215897355600478,1.0179164280289708,-1.1782879304878116,0.6727939278536249,2
서울특별시 종로구 가회동,1.9233297785007346,-2.535036676108592,-0.21193645784631165,0.1725907986167098,-0.5643129633985293,-1.7907525624993523,2
서울특별시 종로구 교남동,0.3614592603072002,0.03522529820656191,-0.6826627705221511,0.46193216258492037,-1.4812044267575792,-1.591817001851769,2
서울특별시 종로구 무악동,1.9776349982326455,0.05297344731316983,-0.48786972823384506,-0.015679671481825648,-1.2682588492613411,-0.7123488575695971,2
서울특별시 종로구 부암동,3.776782469236268,-1.1246477115134978,-0.2712492724741574,0.3681574713225998,-0.11217610527792923,-0.05309835931046142,2
서울특별시 종로구 사직동,-0.10509782136843036,-0.9986457762544284,0.21718632227809065,1.2382931463316507,-1.7083042742155168,-1.5054222462822602,1
서울특별시 종로구 삼청동,1.8314684508054477,-2.4045161482028656,0.023941830653537076,0.9191891491410147,-0.4347679441230541,-1.4540768179493546,2
서울특별시 종로구 숭인1동,-1.073886133338008,-1.316440188742967,0.358583487290293,-0.20159391237381447,0.23752757508605815,-0.8029720795431114,1
서울특별시 종로구 숭인2동,-1.073886133338008,-1.316440188742967,0.358583487290293,-0.20159391237381447,0.23752757508605815,-0.8029720795431114,1
서울특별시 종로구 이화동,-0.6382084489750988,-2.3709246891170093,1.7086681235000827,-1.1219971341807835,-0.8647329705742723,-0.5823069697688147,3
서울특별시 종로구 종로1.2.3.4가동,-2.515302425599671,-4.634843333042113,3.1186535959996395,2.674398085061745,-0.11475242339634437,-1.3136055967515987,3
서울특별시 종로구 종로5.6가동,-2.2676637439447327,-4.2459580783742465,1.96300634123393,1.3461162066122552,-0.5668083474170283,-0.5901568859163594,3
서울특별시 종로구 창신1동,-1.554877970849494,-2.369890813674213,1.9998889793231296,-0.5159709749537169,-0.7535261665091154,-0.4944499777600571,3
서울특별시 종로구 창신2동,-1.554877970849494,-2.369890813674213,1.9998889793231296,-0.5159709749537169,-0.7535261665091154,-0.4944499777600571,3
서울특별시 종로구 창신3동,-1.554877970849494,-2.369890813674213,1.9998889793231296,-0.5159709749537169,-0.7535261665091154,-0.4944499777600571,3
서울특별시 종로구 청운효자동,2.485001296846952,-1.0249668011172075,-0.8071359306512746,0.4428009448301916,-1.1426826365639744,-1.1907958036255806,2
서울특별시 종로구 평창동,4.548017829458726,-0.7236453908035743,1.074690498704906,0.2180048330217376,0.0002583202334492257,1.1971821535099347,2
서울특별시 종로구 혜화동,1.0218801800910404,-1.8235945401477305,-0.4194266430359949,-0.29426804072741636,-0.1806353113664591,-0.6739268385599824,1
서울특별시 중구 광희동,-2.5192149205124945,-4.487081674367076,2.031008428049761,2.1124452131841505,-0.6668489851314865,-1.3707998990635384,3
서울특별시 중구 다산동,-0.8696493264003397,-1.075191604275182,0.25837972205299936,-0.4733550908370813,-0.020620935274402803,-1.0961231820553599,1
서울특별시 중구 동화동,-0.8696493264003397,-1.075191604275182,0.25837972205299936,-0.4733550908370813,-0.020620935274402803,-1.0961231820553599,1
서울특별시 중구 명동,-1.1797518889252854,-2.695083239150089,2.985345350972466,3.295887313998953,-0.8108828924615935,-1.1134501780041746,3
서울특별시 중구 소공동,-2.9732432316686324,-1.7535990762261513,4.132266543690778,4.035544158684275,-1.7902712977346467,-2.6367664863813864,3
서울특별시 중구 신당5동,-0.8696493264003397,-1.075191604275182,0.25837972205299936,-0.4733550908370813,-0.020620935274402803,-1.0961231820553599,1
서울특별시 중구 신당동,-0.9057323328782021,-1.0746776440877073,0.26527466458190424,-0.4312014015669709,-0.02004354882766179,-1.0959215692400597,1
서울특별시 중구 약수동,-0.8696493264003397,-1.075191604275182,0.25837972205299936,-0.4733550908370813,-0.020620935274402803,-1.0961231820553599,1
서울특별시 중구 을지로동,-3.63193089453104,-5.745989167423685,3.0503136929100383,2.9831497414643953,-0.8308092951802505,-1.0806744536534707,3
서울특별시 중구 장충동,-0.37067647982909413,-3.1248004602784802,1.5125546648832133,0.8003534537597908,-0.1564921874724974,-0.4510759092276285,3
서울특별시 중구 중림동,-1.5670272454979808,-1.3896627886576243,0.44492966610495027,1.5721613411480542,-1.3046653066792666,-1.4274703858290458,3
서울특별시 중구 청구동,-0.8696493264003397,-1.075191604275182,0.25837972205299936,-0.4733550908370813,-0.020620935274402803,-1.0961231820553599,1
서울특별시 중구 필동,0.09625087590799922,-3.456216624558647,2.045412068133162,1.321092064165399,-0.16072647544948965,-0.723514731175939,3
서울특별시 중구 황학동,-1.7702913687225528,-0.8530854146782026,0.8752952961375339,0.5160851478874304,0.0024483722989793112,-0.38689717621775194,1
서울특별시 중구 회현동,-1.3764604838376722,-2.3653691610411878,2.6864907869577537,3.569183296679816,-1.0023570727302953,-0.47636768556772213,3
서울특별시 중랑구 망우3동,-0.9165378586168619,-0.5358455126586192,-0.7577349445404237,0.2119006294393478,-2.2107077572802667,-0.06715887922627915,1
서울특별시 중랑구 망우본동,-0.9165378586168619,-0.5358455126586192,-0.7577349445404237,0.2119006294393478,-2.2107077572802667,-0.06715887922627915,1
서울특별시 중랑구 면목2동,-1.197397267494822,-1.1579076572186986,-0.540479774180172,-0.731589387333803,0.3564732206722966,0.43905071941861423,1
서울특별시 중랑구 면목3.8동,-1.197397267494822,-1.1579076572186986,-0.540479774180172,-0.731589387333803,0.3564732206722966,0.43905071941861423,1
서울특별시 중랑구 면목4동,-1.197397267494822,-1.1579076572186986,-0.540479774180172,-0.731589387333803,0.3564732206722966,0.43905071941861423,1
서울특별시 중랑구 면목5동,-1.197397267494822,-1.1579076572186986,-0.540479774180172,-0.731589387333803,0.3564732206722966,0.43905071941861423,1
서울특별시 중랑구 면목7동,-1.197397267494822,-1.1579076572186986,-0.540479774180172,-0.731589387333803,0.3564732206722966,0.43905071941861423,1
서울특별시 중랑구 면목본동,-1.197397267494822,-1.1579076572186986,-0.540479774180172,-0.731589387333803,0.3564732206722966,0.43905071941861423,1
서울특별시 중랑구 묵1동,0.9477728417439789,-0.001773804719608163,-0.7460302977383249,-0.14163190471449533,0.08877637084037711,0.24579205736474782,2
서울특별시 중랑구 묵2동,0.9477728417439789,-0.001773804719608163,-0.7460302977383249,-0.14163190471449533,0.08877637084037711,0.24579205736474782,2
서울특별시 중랑구 상봉1동,-2.4769305602388667,-0.862885979190145,-0.14754072627338963,-0.19933963929114132,-0.22058199491994426,0.8927085009114362,1
서울특별시 중랑구 상봉2동,-2.4769305602388667,-0.862885979190145,-0.14754072627338963,-0.19933963929114132,-0.22058199491994426,0.8927085009114362,1
서울특별시 중랑구 신내1동,0.4684402268050022,0.7446933271495484,-0.7806620362931198,1.0595807440114708,-1.8624953294459463,0.2950210923262408,2
서울특별시 중랑구 신내2동,0.4684402268050022,0.7446933271495484,-0.7806620362931198,1.0595807440114708,-1.8624953294459463,0.2950210923262408,2
서울특별시 중랑구 중화1동,-0.7686617379968163,-1.093760943402193,-0.3993207643821183,-0.34903591584462446,0.19792789035114847,0.697786073639542,1
서울특별시 중랑구 중화2동,-0.7686617379968163,-1.093760943402193,-0.3993207643821183,-0.34903591584462446,0.19792789035114847,0.697786073639542,1
